use ambiental;

/* 1. ENTIDAD: Organismos ambientales */
INSERT INTO Entidad (id_entidad, nombre) VALUES
(1, 'Ministerio del Medio Ambiente'),
(2, 'Corporación Autónoma Regional del Quindío'),
(3, 'Corporación Autónoma Regional del Valle del Cauca'),
(4, 'Instituto de Recursos Naturales'),
(5, 'Secretaría de Medio Ambiente y Desarrollo Sostenible'),
(6, 'Instituto Colombiano de Medio Ambiente'),
(7, 'Corporación Autónoma Regional de la Amazonía'),
(8, 'Corporación Autónoma Regional del Cauca'),
(9, 'Corporación Autónoma Regional de los Llanos'),
(10, 'Ministerio de la Naturaleza'),
(11, 'Oficina de Conservación Ambiental'),
(12, 'Agencia de Protección Ambiental'),
(13, 'Centro Nacional de Biodiversidad'),
(14, 'Instituto de Ecología y Conservación'),
(15, 'Secretaría de Recursos Naturales'),
(16, 'Corporación para el Desarrollo Ambiental'),
(17, 'Instituto de Gestión Ambiental'),
(18, 'Agencia de Desarrollo Sostenible'),
(19, 'Centro de Estudios Ambientales'),
(20, 'Ministerio de Desarrollo Sustentable'),
(21, 'Corporación Ambiental del Tolima'),
(22, 'Instituto de Investigación Ambiental'),
(23, 'Secretaría de Ecología y Medio Ambiente'),
(24, 'Oficina de Recursos Naturales'),
(25, 'Agencia de Conservación de Ecosistemas'),
(26, 'Centro de Innovación Ambiental'),
(27, 'Instituto Regional de Medio Ambiente'),
(28, 'Corporación de Gestión Sostenible'),
(29, 'Secretaría de Conservación'),
(30, 'Ministerio de Recursos Naturales'),
(31, 'Centro de Desarrollo Ambiental'),
(32, 'Agencia de Biodiversidad'),
(33, 'Corporación para la Protección Ambiental'),
(34, 'Instituto de Sostenibilidad'),
(35, 'Secretaría de Desarrollo Ambiental'),
(36, 'Oficina de Gestión de Ecosistemas'),
(37, 'Centro de Conservación Natural'),
(38, 'Agencia de Gestión Sostenible'),
(39, 'Instituto de Ecodesarrollo'),
(40, 'Corporación Ambiental del Caribe'),
(41, 'Ministerio del Ecosistema'),
(42, 'Secretaría de Planificación Ambiental'),
(43, 'Centro de Estudios de Biodiversidad'),
(44, 'Agencia de Protección y Conservación'),
(45, 'Instituto de Recursos y Biodiversidad'),
(46, 'Corporación de Innovación Ambiental'),
(47, 'Secretaría de Innovación y Medio Ambiente'),
(48, 'Oficina de Conservación y Desarrollo'),
(49, 'Centro de Gestión y Conservación'),
(50, 'Agencia Nacional de Medio Ambiente');

/* 2. DEPARTAMENTO: Departamentos reales de Colombia y algunos ficticios */
INSERT INTO Departamento (id_departamento, nombre, id_entidad) VALUES
(1, 'Amazonas', 1),
(2, 'Antioquia', 2),
(3, 'Arauca', 3),
(4, 'Atlántico', 4),
(5, 'Bolívar', 5),
(6, 'Boyacá', 6),
(7, 'Caldas', 7),
(8, 'Caquetá', 8),
(9, 'Casanare', 9),
(10, 'Cauca', 10),
(11, 'Cesar', 11),
(12, 'Chocó', 12),
(13, 'Córdoba', 13),
(14, 'Cundinamarca', 14),
(15, 'Guainía', 15),
(16, 'Guaviare', 16),
(17, 'Huila', 17),
(18, 'La Guajira', 18),
(19, 'Magdalena', 19),
(20, 'Meta', 20),
(21, 'Nariño', 21),
(22, 'Norte de Santander', 22),
(23, 'Putumayo', 23),
(24, 'Quindío', 24),
(25, 'Risaralda', 25),
(26, 'San Andrés y Providencia', 26),
(27, 'Santander', 27),
(28, 'Sucre', 28),
(29, 'Tolima', 29),
(30, 'Valle del Cauca', 30),
(31, 'Vaupés', 31),
(32, 'Vichada', 32),
(33, 'Departamento del Sol', 33),
(34, 'Departamento de la Sierra', 34),
(35, 'Departamento del Bosque', 35),
(36, 'Departamento de la Luna', 36),
(37, 'Departamento del Río', 37),
(38, 'Departamento de la Montaña', 38),
(39, 'Departamento del Valle', 39),
(40, 'Departamento del Mar', 40),
(41, 'Departamento de la Ciénaga', 41),
(42, 'Departamento del Lago', 42),
(43, 'Departamento de la Selva', 43),
(44, 'Departamento de la Pampa', 44),
(45, 'Departamento de los Valles', 45),
(46, 'Departamento del Cerrado', 46),
(47, 'Departamento de la Estepa', 47),
(48, 'Departamento de los Andes', 48),
(49, 'Departamento del Trópico', 49),
(50, 'Departamento de la Sabana', 50);


/* 3. PARQUE: Nombres reales de parques naturales */
INSERT INTO Parque (id_parque, nombre, fecha_declaracion) VALUES
(1, 'Parque Nacional Natural Tayrona', '1964-04-24'),
(2, 'Parque Nacional Natural Chingaza', '1977-09-07'),
(3, 'Parque Nacional Natural El Cocuy', '1977-06-16'),
(4, 'Parque Nacional Natural Los Nevados', '1970-03-15'),
(5, 'Parque Nacional Natural Sumapaz', '1977-06-30'),
(6, 'Parque Nacional Natural Amacayacu', '1995-07-12'),
(7, 'Parque Nacional Natural Gorgona', '1982-04-23'),
(8, 'Parque Nacional Natural Utría', '1998-02-15'),
(9, 'Parque Nacional Natural Puracé', '1978-12-11'),
(10, 'Parque Nacional Natural Farallones de Cali', '1971-05-20'),
(11, 'Parque Nacional Natural Tatamá', '1992-08-10'),
(12, 'Parque Nacional Natural Chicaque', '1985-03-18'),
(13, 'Parque Nacional Natural Paramillo', '1973-07-01'),
(14, 'Parque Nacional Natural La Mesenia', '1990-06-30'),
(15, 'Parque Nacional Natural Iguaque', '1983-11-15'),
(16, 'Parque Nacional Natural El Tuparro', '1984-09-20'),
(17, 'Parque Nacional Natural Macarena', '1989-05-10'),
(18, 'Parque Nacional Natural Corales del Rosario', '1996-10-05'),
(19, 'Parque Nacional Natural Tayrona', '1964-04-24'),
(20, 'Parque Nacional Natural Chingaza', '1977-09-07'),
(21, 'Parque Nacional Natural El Cocuy', '1977-06-16'),
(22, 'Parque Nacional Natural Los Nevados', '1970-03-15'),
(23, 'Parque Nacional Natural Sumapaz', '1977-06-30'),
(24, 'Parque Nacional Natural Amacayacu', '1995-07-12'),
(25, 'Parque Nacional Natural Gorgona', '1982-04-23'),
(26, 'Parque Nacional Natural Utría', '1998-02-15'),
(27, 'Parque Nacional Natural Puracé', '1978-12-11'),
(28, 'Parque Nacional Natural Farallones de Cali', '1971-05-20'),
(29, 'Parque Nacional Natural Tatamá', '1992-08-10'),
(30, 'Parque Nacional Natural Chicaque', '1985-03-18'),
(31, 'Parque Nacional Natural Paramillo', '1973-07-01'),
(32, 'Parque Nacional Natural La Mesenia', '1990-06-30'),
(33, 'Parque Nacional Natural Iguaque', '1983-11-15'),
(34, 'Parque Nacional Natural El Tuparro', '1984-09-20'),
(35, 'Parque Nacional Natural Macarena', '1989-05-10'),
(36, 'Parque Nacional Natural Corales del Rosario', '1996-10-05'),
(37, 'Parque Nacional Natural Tayrona', '1964-04-24'),
(38, 'Parque Nacional Natural Chingaza', '1977-09-07'),
(39, 'Parque Nacional Natural El Cocuy', '1977-06-16'),
(40, 'Parque Nacional Natural Los Nevados', '1970-03-15'),
(41, 'Parque Nacional Natural Sumapaz', '1977-06-30'),
(42, 'Parque Nacional Natural Amacayacu', '1995-07-12'),
(43, 'Parque Nacional Natural Gorgona', '1982-04-23'),
(44, 'Parque Nacional Natural Utría', '1998-02-15'),
(45, 'Parque Nacional Natural Puracé', '1978-12-11'),
(46, 'Parque Nacional Natural Farallones de Cali', '1971-05-20'),
(47, 'Parque Nacional Natural Tatamá', '1992-08-10'),
(48, 'Parque Nacional Natural Chicaque', '1985-03-18'),
(49, 'Parque Nacional Natural Paramillo', '1973-07-01'),
(50, 'Parque Nacional Natural La Mesenia', '1990-06-30');

/* 4. PARQUE_DEPARTAMENTO: Asignamos cada parque a un departamento, de forma cíclica */
INSERT INTO Parque_Departamento (id_parque, id_departamento) VALUES
(1, 2),
(2, 4),
(3, 6),
(4, 8),
(5, 10),
(6, 12),
(7, 14),
(8, 16),
(9, 18),
(10, 20),
(11, 22),
(12, 24),
(13, 26),
(14, 28),
(15, 30),
(16, 32),
(17, 34),
(18, 36),
(19, 38),
(20, 40),
(21, 42),
(22, 44),
(23, 46),
(24, 48),
(25, 50),
(26, 1),
(27, 3),
(28, 5),
(29, 7),
(30, 9),
(31, 11),
(32, 13),
(33, 15),
(34, 17),
(35, 19),
(36, 21),
(37, 23),
(38, 25),
(39, 27),
(40, 29),
(41, 31),
(42, 33),
(43, 35),
(44, 37),
(45, 39),
(46, 41),
(47, 43),
(48, 45),
(49, 47),
(50, 49);

/* 5. ÁREA: Distribuimos 50 áreas en parques de forma cíclica */
INSERT INTO Area (id_area, id_parque, nombre, extension) VALUES
(1, 1, 'Área Aurora', 150.50),
(2, 2, 'Área Brisa', 160.75),
(3, 3, 'Área Cumbre', 170.25),
(4, 4, 'Área Delta', 180.00),
(5, 5, 'Área Estrella', 190.80),
(6, 6, 'Área Fulgor', 200.10),
(7, 7, 'Área Glacial', 210.40),
(8, 8, 'Área Horizonte', 220.55),
(9, 9, 'Área Isla', 230.65),
(10, 10, 'Área Jardín', 240.75),
(11, 1, 'Área Kallista', 155.50),
(12, 2, 'Área Luminosa', 165.75),
(13, 3, 'Área Montaña', 175.25),
(14, 4, 'Área Niebla', 185.00),
(15, 5, 'Área Oasis', 195.80),
(16, 6, 'Área Paraíso', 205.10),
(17, 7, 'Área Quimera', 215.40),
(18, 8, 'Área Risco', 225.55),
(19, 9, 'Área Sol', 235.65),
(20, 10, 'Área Tranquila', 245.75),
(21, 1, 'Área Umbría', 150.00),
(22, 2, 'Área Valle', 160.00),
(23, 3, 'Área Xochitl', 170.00),
(24, 4, 'Área Yacaré', 180.00),
(25, 5, 'Área Zafiro', 190.00),
(26, 6, 'Área Amanecer', 200.00),
(27, 7, 'Área Bosque', 210.00),
(28, 8, 'Área Cálida', 220.00),
(29, 9, 'Área Dorada', 230.00),
(30, 10, 'Área Esmeralda', 240.00),
(31, 1, 'Área Floreciente', 155.00),
(32, 2, 'Área Granito', 165.00),
(33, 3, 'Área Hermosa', 175.00),
(34, 4, 'Área Índigo', 185.00),
(35, 5, 'Área Jade', 195.00),
(36, 6, 'Área Kárstica', 205.00),
(37, 7, 'Área Ladera', 215.00),
(38, 8, 'Área Mística', 225.00),
(39, 9, 'Área Noble', 235.00),
(40, 10, 'Área Ocaso', 245.00),
(41, 1, 'Área Páramo', 150.25),
(42, 2, 'Área Quetzal', 160.25),
(43, 3, 'Área Rústica', 170.25),
(44, 4, 'Área Serena', 180.25),
(45, 5, 'Área Templada', 190.25),
(46, 6, 'Área Umbral', 200.25),
(47, 7, 'Área Veloz', 210.25),
(48, 8, 'Área Xilófila', 220.25),
(49, 9, 'Área Yacimiento', 230.25),
(50, 10, 'Área Zen', 240.25);


/* 6. ESPECIE: Nombres científicos y vulgares inventados con tipos */
INSERT INTO Especie (id_especie, nombre_cientifico, nombre_vulgar, tipo, inventario_individuos) VALUES
(1, 'Panthera onca', 'Jaguar', 'Animal', 120),
(2, 'Tapirus terrestris', 'Tapir', 'Animal', 80),
(3, 'Ara macao', 'Guacamaya roja', 'Animal', 60),
(4, 'Cedrela odorata', 'Cedro', 'Vegetal', 200),
(5, 'Swietenia macrophylla', 'Caoba', 'Vegetal', 150),
(6, 'Quercus humboldtii', 'Roble colombiano', 'Vegetal', 100),
(7, 'Coccoloba uvifera', 'Uva de playa', 'Vegetal', 90),
(8, 'Podocnemis expansa', 'Tortuga gigante', 'Animal', 50),
(9, 'Ara chloropterus', 'Guacamayo verde', 'Animal', 70),
(10, 'Ceiba pentandra', 'Ceiba', 'Vegetal', 300),
(11, 'Euterpe precatoria', 'Palma de acai', 'Vegetal', 250),
(12, 'Ateles chamek', 'Mono araña', 'Animal', 40),
(13, 'Puma concolor', 'Puma', 'Animal', 60),
(14, 'Ficus insipida', 'Higuera', 'Vegetal', 220),
(15, 'Lynx rufus', 'Lince rojo', 'Animal', 50),
(16, 'Bromelia antiacantha', 'Bromelia', 'Vegetal', 180),
(17, 'Miconia calvescens', 'Miconia', 'Vegetal', 130),
(18, 'Bothrops atrox', 'Víbora', 'Animal', 90),
(19, 'Tillandsia usneoides', 'Musgo de aire', 'Vegetal', 300),
(20, 'Lithophyton panca', 'Piedra panca', 'Mineral', 50),
(21, 'Fungus silvaticus', 'Hongo silvestre', 'Vegetal', 75),
(22, 'Rana pipiens', 'Rana común', 'Animal', 85),
(23, 'Cactus opuntia', 'Nopal', 'Vegetal', 95),
(24, 'Oryzomys palustris', 'Ratón de pantano', 'Animal', 65),
(25, 'Acacia senegal', 'Acacia', 'Vegetal', 105),
(26, 'Mineralia eximia', 'Mineral eximia', 'Mineral', 55),
(27, 'Lagostomus maximus', 'Lagostino', 'Animal', 75),
(28, 'Sclerocarya birrea', 'Mara', 'Vegetal', 115),
(29, 'Zenaida auriculata', 'Paloma carirroja', 'Animal', 85),
(30, 'Eucalyptus globulus', 'Eucalipto', 'Vegetal', 125),
(31, 'Oreochromis niloticus', 'Tilapia', 'Animal', 95),
(32, 'Pinus patula', 'Pino patula', 'Vegetal', 135),
(33, 'Myrmecophaga tridactyla', 'Hormiguero gigante', 'Animal', 45),
(34, 'Acrocomia aculeata', 'Palma caribeña', 'Vegetal', 155),
(35, 'Muscari armeniacum', 'Gloria de Armenia', 'Vegetal', 65),
(36, 'Buteo jamaicensis', 'Aguilucho', 'Animal', 85),
(37, 'Juglans regia', 'Nogal', 'Vegetal', 175),
(38, 'Nothofagus pumilio', 'Ñire', 'Vegetal', 185),
(39, 'Strix occidentalis', 'Búho real', 'Animal', 95),
(40, 'Araucaria araucana', 'Pehuén', 'Vegetal', 195),
(41, 'Acer saccharum', 'Arce', 'Vegetal', 105),
(42, 'Columba livia', 'Paloma', 'Animal', 115),
(43, 'Ginkgo biloba', 'Ginkgo', 'Vegetal', 125),
(44, 'Vombatus ursinus', 'Koala', 'Animal', 55),
(45, 'Magnolia grandiflora', 'Magnolia', 'Vegetal', 135),
(46, 'Lutra lutra', 'Nutria', 'Animal', 65),
(47, 'Betula pendula', 'Abedul', 'Vegetal', 145),
(48, 'Bison bison', 'Bisonte', 'Animal', 75),
(49, 'Picea abies', 'Abeto', 'Vegetal', 155),
(50, 'Quartzite', 'Cuarzo', 'Mineral', 85);

/* 7. ESPECIE_AREA: Vinculamos cada especie con un área (asignación uno a uno para este ejemplo) */
INSERT INTO Especie_Area (id_especie, id_area, num_inventario) VALUES
(1, 1, 50),
(2, 2, 55),
(3, 3, 60),
(4, 4, 65),
(5, 5, 70),
(6, 6, 75),
(7, 7, 80),
(8, 8, 85),
(9, 9, 90),
(10, 10, 95),
(11, 11, 100),
(12, 12, 105),
(13, 13, 110),
(14, 14, 115),
(15, 15, 120),
(16, 16, 125),
(17, 17, 130),
(18, 18, 135),
(19, 19, 140),
(20, 20, 145),
(21, 21, 150),
(22, 22, 155),
(23, 23, 160),
(24, 24, 165),
(25, 25, 170),
(26, 26, 175),
(27, 27, 180),
(28, 28, 185),
(29, 29, 190),
(30, 30, 195),
(31, 31, 200),
(32, 32, 205),
(33, 33, 210),
(34, 34, 215),
(35, 35, 220),
(36, 36, 225),
(37, 37, 230),
(38, 38, 235),
(39, 39, 240),
(40, 40, 245),
(41, 41, 250),
(42, 42, 255),
(43, 43, 260),
(44, 44, 265),
(45, 45, 270),
(46, 46, 275),
(47, 47, 280),
(48, 48, 285),
(49, 49, 290),
(50, 50, 295);

/* 8. PERSONAL: 50 empleados con nombres inventados y datos verosímiles */
INSERT INTO Personal (id_personal, tipo_documento, documento, nombre, direccion, telefono, sueldo, rol) VALUES
(1, 'CC', 151010101, 'Carlos Ramírez', 'Calle 10 #15-20, Bogotá', '3001234567', 2200.00, 'Gestion'),
(2, 'CC', 20602022, 'María González', 'Carrera 20 #10-05, Medellín', '3102345678', 2400.00, 'Vigilancia'),
(3, 'CC', 33303031, 'Juan Martínez', 'Avenida 30 #5-10, Cali', '3203456789', 2300.00, 'Conservacion'),
(4, 'CC', 40504044, 'Ana López', 'Calle 40 #20-30, Barranquilla', '3304567890', 2500.00, 'Investigacion'),
(5, 'CC', 53505053, 'Luis Rodríguez', 'Carrera 50 #25-35, Bucaramanga', '3405678901', 2100.00, 'Gestion'),
(6, 'CC', 60606062, 'Sofía Herrera', 'Avenida 60 #30-40, Pereira', '3506789012', 2600.00, 'Vigilancia'),
(7, 'CC', 70777072, 'Andrés Torres', 'Calle 70 #35-45, Cartagena', '3607890123', 2700.00, 'Conservacion'),
(8, 'CC', 80308087, 'Laura Sánchez', 'Carrera 80 #40-50, Ibagué', '3708901234', 2800.00, 'Investigacion'),
(9, 'CC', 90409096, 'Daniel Vargas', 'Avenida 90 #45-55, Manizales', '3809012345', 2900.00, 'Gestion'),
(10, 'CC', 12101051, 'Catalina Rojas', 'Calle 100 #50-60, Santa Marta', '3900123456', 3000.00, 'Vigilancia'),
(11, 'CC', 13111141, 'Jorge Pérez', 'Carrera 110 #55-65, Pasto', '3001112223', 2100.00, 'Conservacion'),
(12, 'CC', 15121242, 'Patricia Díaz', 'Avenida 120 #60-70, Neiva', '3102223334', 2200.00, 'Investigacion'),
(13, 'CC', 12131323, 'Miguel Castro', 'Calle 130 #65-75, Armenia', '3203334445', 2300.00, 'Gestion'),
(14, 'CC', 15141474, 'Isabel Moreno', 'Carrera 140 #70-80, Popayán', '3304445556', 2400.00, 'Vigilancia'),
(15, 'CC', 14151595, 'Ricardo Gómez', 'Avenida 150 #75-85, Quibdó', '3405556667', 2500.00, 'Conservacion'),
(16, 'CC', 14161696, 'Luisa Rodríguez', 'Calle 160 #80-90, Montería', '3506667778', 2600.00, 'Investigacion'),
(17, 'CC', 15171719, 'Andrés Cárdenas', 'Carrera 170 #85-95, Sincelejo', '3607778889', 2700.00, 'Gestion'),
(18, 'CC', 18181817, 'Catalina Mejía', 'Avenida 180 #90-100, Neiva', '3708889990', 2800.00, 'Vigilancia'),
(19, 'CC', 19691916, 'Esteban Ramírez', 'Calle 190 #95-105, Bucaramanga', '3809990001', 2900.00, 'Conservacion'),
(20, 'CC', 20702025, 'Verónica Ruiz', 'Carrera 200 #100-110, Bogotá', '3900001122', 3000.00, 'Investigacion'),
(21, 'CC', 21612124, 'Santiago López', 'Avenida 210 #105-115, Medellín', '3001112233', 3100.00, 'Gestion'),
(22, 'CC', 22122223, 'Daniela Sánchez', 'Calle 220 #110-120, Cali', '3102223344', 3200.00, 'Vigilancia'),
(23, 'CC', 23532322, 'Felipe Torres', 'Carrera 230 #115-125, Barranquilla', '3203334455', 3300.00, 'Conservacion'),
(24, 'CC', 24342421, 'Marina Rojas', 'Avenida 240 #120-130, Cartagena', '3304445566', 3400.00, 'Investigacion'),
(25, 'CC', 25152523, 'Roberto Castillo', 'Calle 250 #125-135, Ibagué', '3405556677', 3500.00, 'Gestion'),
(26, 'CC', 26662625, 'Adriana Ramírez', 'Carrera 260 #130-140, Pasto', '3506667788', 3600.00, 'Vigilancia'),
(27, 'CC', 27772723, 'Héctor Morales', 'Avenida 270 #135-145, Neiva', '3507778899', 3700.00, 'Conservacion'),
(28, 'CC', 28482822, 'Gloria Vásquez', 'Calle 280 #140-150, Armenia', '3508889900', 3800.00, 'Investigacion'),
(29, 'CC', 29692921, 'Andrés Molina', 'Carrera 290 #145-155, Popayán', '3509990011', 3900.00, 'Gestion'),
(30, 'CC', 30203039, 'Liliana Pérez', 'Avenida 300 #150-160, Quibdó', '3600001122', 4000.00, 'Vigilancia'),
(31, 'CC', 31713137, 'Javier Castro', 'Calle 310 #155-165, Montería', '3601112233', 4100.00, 'Conservacion'),
(32, 'CC', 32623235, 'Claudia Rincón', 'Carrera 320 #160-170, Sincelejo', '3602223344', 4200.00, 'Investigacion'),
(33, 'CC', 33533334, 'Eduardo López', 'Avenida 330 #165-175, Bogotá', '3603334455', 4300.00, 'Gestion'),
(34, 'CC', 34743438, 'Paula Díaz', 'Calle 340 #170-180, Medellín', '3604445566', 4400.00, 'Vigilancia'),
(35, 'CC', 35953536, 'Oscar Ramírez', 'Carrera 350 #175-185, Cali', '3605556677', 4500.00, 'Conservacion'),
(36, 'CC', 36863634, 'Silvia Rojas', 'Avenida 360 #180-190, Barranquilla', '3606667788', 4600.00, 'Investigacion'),
(37, 'CC', 37973739, 'Andrés López', 'Calle 370 #185-195, Cartagena', '3607778899', 4700.00, 'Gestion'),
(38, 'CC', 38683837, 'Mónica Torres', 'Carrera 380 #190-200, Ibagué', '3608889900', 4800.00, 'Vigilancia'),
(39, 'CC', 39593935, 'Ricardo Moreno', 'Avenida 390 #195-205, Pasto', '3609990011', 4900.00, 'Conservacion'),
(40, 'CC', 40304044, 'Elena Rincón', 'Calle 400 #200-210, Neiva', '3610001122', 5000.00, 'Investigacion'),
(41, 'CC', 41814145, 'Fernando Castillo', 'Carrera 410 #205-215, Armenia', '3611112233', 5100.00, 'Gestion'),
(42, 'CC', 42324246, 'Lorena Molina', 'Avenida 420 #210-220, Popayán', '3612223344', 5200.00, 'Vigilancia'),
(43, 'CC', 43234347, 'Guillermo Rojas', 'Calle 430 #215-225, Quibdó', '3613334455', 5300.00, 'Conservacion'),
(44, 'CC', 44144448, 'Verónica Ramírez', 'Carrera 440 #220-230, Montería', '3614445566', 5400.00, 'Investigacion'),
(45, 'CC', 45954544, 'Diego Morales', 'Avenida 450 #225-235, Sincelejo', '3615556677', 5500.00, 'Gestion'),
(46, 'CC', 46764644, 'Natalia Rincón', 'Calle 460 #230-240, Bogotá', '3616667788', 5600.00, 'Vigilancia'),
(47, 'CC', 47574743, 'Sebastián López', 'Carrera 470 #235-245, Medellín', '3617778899', 5700.00, 'Conservacion'),
(48, 'CC', 48464842, 'Mariana Díaz', 'Avenida 480 #240-250, Cali', '3618889900', 5800.00, 'Investigacion'),
(49, 'CC', 49424941, 'Ricardo Torres', 'Calle 490 #245-255, Barranquilla', '3619990011', 5900.00, 'Gestion'),
(50, 'CC', 50305050, 'Carolina Rojas', 'Carrera 500 #250-260, Cartagena', '3620001122', 6000.00, 'Vigilancia');

/* 9. PROYECTO_INVESTIGACION: Proyectos reales de conservación y estudios ambientales */
INSERT INTO Proyecto_Investigacion (id_proyecto, nombre, presupuesto, fecha_inicio, fecha_fin) VALUES
(1, 'Conservación del Jaguar en la Amazonía', 150000.00, '2020-01-01', '2020-12-31'),
(2, 'Restauración de Bosques en Chingaza', 200000.00, '2019-02-01', '2019-12-31'),
(3, 'Estudio de la Biodiversidad en Tayrona', 175000.00, '2021-03-01', '2021-12-31'),
(4, 'Recuperación de Ecosistemas en El Cocuy', 160000.00, '2020-04-01', '2020-12-31'),
(5, 'Monitoreo de Especies Endémicas en Sumapaz', 180000.00, '2019-05-01', '2019-12-31'),
(6, 'Conservación de Humedales en Los Nevados', 190000.00, '2020-06-01', '2020-12-31'),
(7, 'Protección de Corales en Rosario', 210000.00, '2018-07-01', '2018-12-31'),
(8, 'Restauración de Manglares en Utría', 220000.00, '2019-08-01', '2019-12-31'),
(9, 'Estudio de la Flora del Paramillo', 170000.00, '2020-09-01', '2020-12-31'),
(10, 'Conservación de Primates en Farallones de Cali', 230000.00, '2021-10-01', '2021-12-31'),
(11, 'Recuperación de Áreas Deterioradas en Tatamá', 240000.00, '2020-11-01', '2020-12-31'),
(12, 'Monitoreo de Aves en Chicaque', 250000.00, '2019-12-01', '2019-12-31'),
(13, 'Estudio de Ecosistemas en Paramillo', 260000.00, '2020-01-15', '2020-12-15'),
(14, 'Conservación de Plantas Medicinales en La Mesenia', 270000.00, '2020-02-15', '2020-12-15'),
(15, 'Recuperación de Bosques en Iguaque', 280000.00, '2020-03-15', '2020-12-15'),
(16, 'Monitoreo de Humedales en El Tuparro', 290000.00, '2020-04-15', '2020-12-15'),
(17, 'Estudio de Biodiversidad en Macarena', 300000.00, '2020-05-15', '2020-12-15'),
(18, 'Conservación de Ecosistemas Marinos en Gorgona', 310000.00, '2020-06-15', '2020-12-15'),
(19, 'Recuperación de Zonas Áridas en Utría', 320000.00, '2020-07-15', '2020-12-15'),
(20, 'Estudio de Insectos en Puracé', 330000.00, '2020-08-15', '2020-12-15'),
(21, 'Conservación de Aves Migratorias en Farallones', 340000.00, '2020-09-15', '2020-12-15'),
(22, 'Recuperación de Manglares en Chingaza', 350000.00, '2020-10-15', '2020-12-15'),
(23, 'Monitoreo de Mamíferos en Tayrona', 360000.00, '2020-11-15', '2020-12-15'),
(24, 'Estudio de Invertebrados en El Cocuy', 370000.00, '2020-12-15', '2021-01-15'),
(25, 'Conservación de Reptiles en Sumapaz', 380000.00, '2021-01-15', '2021-02-15'),
(26, 'Recuperación de Ecosistemas en Los Nevados', 390000.00, '2021-02-15', '2021-03-15'),
(27, 'Monitoreo de Especies Acuáticas en Amacayacu', 400000.00, '2021-03-15', '2021-04-15'),
(28, 'Estudio de Flora Endémica en Gorgona', 410000.00, '2021-04-15', '2021-05-15'),
(29, 'Conservación de Primates en Utría', 420000.00, '2021-05-15', '2021-06-15'),
(30, 'Recuperación de Áreas Contaminadas en Paramillo', 430000.00, '2021-06-15', '2021-07-15'),
(31, 'Monitoreo de Ecosistemas en La Mesenia', 440000.00, '2021-07-15', '2021-08-15'),
(32, 'Estudio de Especies Marinas en Iguaque', 450000.00, '2021-08-15', '2021-09-15'),
(33, 'Conservación de Bosques Secos en El Tuparro', 460000.00, '2021-09-15', '2021-10-15'),
(34, 'Recuperación de Humedales en Macarena', 470000.00, '2021-10-15', '2021-11-15'),
(35, 'Monitoreo de Especies en Gorgona', 480000.00, '2021-11-15', '2021-12-15'),
(36, 'Estudio de Biodiversidad en Utría', 490000.00, '2021-12-15', '2022-01-15'),
(37, 'Conservación de Mamíferos en Puracé', 500000.00, '2022-01-15', '2022-02-15'),
(38, 'Recuperación de Ecosistemas en Farallones', 510000.00, '2022-02-15', '2022-03-15'),
(39, 'Monitoreo de Aves en Tatamá', 520000.00, '2022-03-15', '2022-04-15'),
(40, 'Estudio de Reptiles en Chicaque', 530000.00, '2022-04-15', '2022-05-15'),
(41, 'Conservación de Insectos en Paramillo', 540000.00, '2022-05-15', '2022-06-15'),
(42, 'Recuperación de Manglares en La Mesenia', 550000.00, '2022-06-15', '2022-07-15'),
(43, 'Monitoreo de Ecosistemas en Iguaque', 560000.00, '2022-07-15', '2022-08-15'),
(44, 'Estudio de Biodiversidad en El Tuparro', 570000.00, '2022-08-15', '2022-09-15'),
(45, 'Conservación de Flora en Macarena', 580000.00, '2022-09-15', '2022-10-15'),
(46, 'Recuperación de Áreas en Gorgona', 590000.00, '2022-10-15', '2022-11-15'),
(47, 'Monitoreo de Fauna en Utría', 600000.00, '2022-11-15', '2022-12-15'),
(48, 'Estudio de Ecosistemas en Puracé', 610000.00, '2022-12-15', '2023-01-15'),
(49, 'Conservación de Especies en Farallones', 620000.00, '2023-01-15', '2023-02-15'),
(50, 'Recuperación de Hábitats en Tatamá', 630000.00, '2023-02-15', '2023-03-15');

/* 10. PROYECTO_ INVESTIGADOR: Asignamos investigadores (empleados con rol Investigacion) */
INSERT INTO Proyecto_Investigador (id_proyecto, id_personal) VALUES
(1, 4),
(2, 8),
(3, 12),
(4, 16),
(5, 20),
(6, 24),
(7, 28),
(8, 32),
(9, 36),
(10, 40),
(11, 44),
(12, 48),
(13, 4),
(14, 8),
(15, 12),
(16, 16),
(17, 20),
(18, 24),
(19, 28),
(20, 32),
(21, 36),
(22, 40),
(23, 44),
(24, 48),
(25, 4),
(26, 8),
(27, 12),
(28, 16),
(29, 20),
(30, 24),
(31, 28),
(32, 32),
(33, 36),
(34, 40),
(35, 44),
(36, 48),
(37, 4),
(38, 8),
(39, 12),
(40, 16),
(41, 20),
(42, 24),
(43, 28),
(44, 32),
(45, 36),
(46, 40),
(47, 44),
(48, 48),
(49, 4),
(50, 8);

/* 11. PROYECTO_ESPECIE: Asignamos cada proyecto a una especie (uno a uno) */
INSERT INTO Proyecto_Especie (id_proyecto, id_especie) VALUES
(1, 1),
(2, 2),
(3, 3),
(4, 4),
(5, 5),
(6, 6),
(7, 7),
(8, 8),
(9, 9),
(10, 10),
(11, 11),
(12, 12),
(13, 13),
(14, 14),
(15, 15),
(16, 16),
(17, 17),
(18, 18),
(19, 19),
(20, 20),
(21, 21),
(22, 22),
(23, 23),
(24, 24),
(25, 25),
(26, 26),
(27, 27),
(28, 28),
(29, 29),
(30, 30),
(31, 31),
(32, 32),
(33, 33),
(34, 34),
(35, 35),
(36, 36),
(37, 37),
(38, 38),
(39, 39),
(40, 40),
(41, 41),
(42, 42),
(43, 43),
(44, 44),
(45, 45),
(46, 46),
(47, 47),
(48, 48),
(49, 49),
(50, 50);

/* 12. VISITANTE: 50 visitantes con datos inventados */
INSERT INTO Visitante (id_visitante, cedula, nombre, direccion, profesion) VALUES
(1, '11111111', 'Juan Pérez', 'Calle 1 #1-1, Bogotá', 'Ingeniero'),
(2, '22222222', 'María López', 'Carrera 2 #2-2, Medellín', 'Médico'),
(3, '33333333', 'Carlos García', 'Avenida 3 #3-3, Cali', 'Abogado'),
(4, '44444444', 'Ana Martínez', 'Calle 4 #4-4, Barranquilla', 'Profesor'),
(5, '55555555', 'Luis Rodríguez', 'Carrera 5 #5-5, Bucaramanga', 'Biólogo'),
(6, '66666666', 'Sofía Hernández', 'Avenida 6 #6-6, Pereira', 'Arquitecta'),
(7, '77777777', 'Andrés Torres', 'Calle 7 #7-7, Cartagena', 'Economista'),
(8, '88888888', 'Laura Ramírez', 'Carrera 8 #8-8, Ibagué', 'Psicóloga'),
(9, '99999999', 'Daniel Rojas', 'Avenida 9 #9-9, Manizales', 'Empresario'),
(10, '10101010', 'Catalina Suárez', 'Calle 10 #10-10, Santa Marta', 'Periodista'),
(11, '11112222', 'Jorge Méndez', 'Carrera 11 #11-11, Pasto', 'Contador'),
(12, '22223333', 'Patricia Díaz', 'Avenida 12 #12-12, Neiva', 'Enfermera'),
(13, '33334444', 'Miguel Gómez', 'Calle 13 #13-13, Armenia', 'Químico'),
(14, '44445555', 'Isabel Ramírez', 'Carrera 14 #14-14, Popayán', 'Historiadora'),
(15, '55556666', 'Ricardo Sánchez', 'Avenida 15 #15-15, Quibdó', 'Sociólogo'),
(16, '66667777', 'Luisa Herrera', 'Calle 16 #16-16, Montería', 'Geógrafa'),
(17, '77778888', 'Andrés Rincón', 'Carrera 17 #17-17, Sincelejo', 'Periodista'),
(18, '88889999', 'Catalina Moreno', 'Avenida 18 #18-18, Neiva', 'Abogada'),
(19, '99990000', 'Esteban Castillo', 'Calle 19 #19-19, Bucaramanga', 'Ingeniero Ambiental'),
(20, '10111213', 'Verónica Díaz', 'Carrera 20 #20-20, Bogotá', 'Médico'),
(21, '11121314', 'Santiago Pérez', 'Avenida 21 #21-21, Medellín', 'Arquitecto'),
(22, '12131415', 'Daniela Morales', 'Calle 22 #22-22, Cali', 'Bióloga'),
(23, '13141516', 'Felipe López', 'Carrera 23 #23-23, Barranquilla', 'Ingeniero'),
(24, '14151617', 'Marina Jiménez', 'Avenida 24 #24-24, Cartagena', 'Abogada'),
(25, '15161718', 'Roberto Rojas', 'Calle 25 #25-25, Ibagué', 'Economista'),
(26, '16171819', 'Adriana Fuentes', 'Carrera 26 #26-26, Pasto', 'Contadora'),
(27, '17181920', 'Héctor Morales', 'Avenida 27 #27-27, Neiva', 'Ingeniero Civil'),
(28, '18192021', 'Gloria Vargas', 'Calle 28 #28-28, Armenia', 'Psicóloga'),
(29, '19202122', 'Andrés López', 'Carrera 29 #29-29, Popayán', 'Médico'),
(30, '20212223', 'Liliana Martínez', 'Avenida 30 #30-30, Quibdó', 'Periodista'),
(31, '21222324', 'Javier García', 'Calle 31 #31-31, Montería', 'Ingeniero'),
(32, '22232425', 'Claudia Ramírez', 'Carrera 32 #32-32, Sincelejo', 'Abogada'),
(33, '23242526', 'Eduardo Torres', 'Avenida 33 #33-33, Bogotá', 'Contador'),
(34, '24252627', 'Paula Sánchez', 'Calle 34 #34-34, Medellín', 'Bióloga'),
(35, '25262728', 'Oscar Herrera', 'Carrera 35 #35-35, Cali', 'Ingeniero Ambiental'),
(36, '26272829', 'Silvia Rincón', 'Avenida 36 #36-36, Barranquilla', 'Médico'),
(37, '27282930', 'Andrés Molina', 'Calle 37 #37-37, Cartagena', 'Arquitecto'),
(38, '28293031', 'Mónica Jiménez', 'Carrera 38 #38-38, Ibagué', 'Socióloga'),
(39, '29303132', 'Ricardo Moreno', 'Avenida 39 #39-39, Pasto', 'Ingeniero'),
(40, '30313233', 'Elena Vargas', 'Calle 40 #40-40, Neiva', 'Periodista'),
(41, '31323334', 'Fernando Castro', 'Carrera 41 #41-41, Armenia', 'Contador'),
(42, '32333435', 'Lorena Molina', 'Avenida 42 #42-42, Popayán', 'Abogada'),
(43, '33343536', 'Guillermo Soto', 'Calle 43 #43-43, Quibdó', 'Economista'),
(44, '34353637', 'Verónica Peña', 'Carrera 44 #44-44, Montería', 'Ingeniera'),
(45, '35363738', 'Diego Morales', 'Avenida 45 #45-45, Sincelejo', 'Biólogo'),
(46, '36373839', 'Natalia Aguirre', 'Calle 46 #46-46, Bogotá', 'Psicóloga'),
(47, '37383940', 'Sebastián Ríos', 'Carrera 47 #47-47, Medellín', 'Ingeniero Ambiental'),
(48, '38394041', 'Mariana Vargas', 'Avenida 48 #48-48, Cali', 'Médica'),
(49, '39404142', 'Ricardo Solís', 'Calle 49 #49-49, Barranquilla', 'Periodista'),
(50, '40414243', 'Carolina Díaz', 'Carrera 50 #50-50, Cartagena', 'Abogada');

/* 13. ALOJAMIENTO: 50 alojamientos en parques */
INSERT INTO Alojamiento (id_alojamiento, id_parque, capacidad, categoria, fecha_ingreso, fecha_salida) VALUES
(1, 1, 20, 'Hotel', '2022-01-01', '2022-01-10'),
(2, 2, 15, 'Camping', '2022-01-02', '2022-01-11'),
(3, 3, 25, 'Cabaña', '2022-01-03', '2022-01-12'),
(4, 4, 18, 'Hotel', '2022-01-04', '2022-01-13'),
(5, 5, 22, 'Camping', '2022-01-05', '2022-01-14'),
(6, 6, 20, 'Cabaña', '2022-01-06', '2022-01-15'),
(7, 7, 30, 'Hotel', '2022-01-07', '2022-01-16'),
(8, 8, 16, 'Camping', '2022-01-08', '2022-01-17'),
(9, 9, 24, 'Cabaña', '2022-01-09', '2022-01-18'),
(10, 10, 18, 'Hotel', '2022-01-10', '2022-01-19'),
(11, 11, 20, 'Camping', '2022-01-11', '2022-01-20'),
(12, 12, 25, 'Cabaña', '2022-01-12', '2022-01-21'),
(13, 13, 22, 'Hotel', '2022-01-13', '2022-01-22'),
(14, 14, 18, 'Camping', '2022-01-14', '2022-01-23'),
(15, 15, 24, 'Cabaña', '2022-01-15', '2022-01-24'),
(16, 16, 20, 'Hotel', '2022-01-16', '2022-01-25'),
(17, 17, 15, 'Camping', '2022-01-17', '2022-01-26'),
(18, 18, 25, 'Cabaña', '2022-01-18', '2022-01-27'),
(19, 19, 20, 'Hotel', '2022-01-19', '2022-01-28'),
(20, 20, 18, 'Camping', '2022-01-20', '2022-01-29'),
(21, 21, 24, 'Cabaña', '2022-01-21', '2022-01-30'),
(22, 22, 20, 'Hotel', '2022-01-22', '2022-01-31'),
(23, 23, 15, 'Camping', '2022-01-23', '2022-02-01'),
(24, 24, 25, 'Cabaña', '2022-01-24', '2022-02-02'),
(25, 25, 20, 'Hotel', '2022-01-25', '2022-02-03'),
(26, 26, 18, 'Camping', '2022-01-26', '2022-02-04'),
(27, 27, 24, 'Cabaña', '2022-01-27', '2022-02-05'),
(28, 28, 20, 'Hotel', '2022-01-28', '2022-02-06'),
(29, 29, 15, 'Camping', '2022-01-29', '2022-02-07'),
(30, 30, 25, 'Cabaña', '2022-01-30', '2022-02-08'),
(31, 31, 20, 'Hotel', '2022-01-31', '2022-02-09'),
(32, 32, 18, 'Camping', '2022-02-01', '2022-02-10'),
(33, 33, 24, 'Cabaña', '2022-02-02', '2022-02-11'),
(34, 34, 20, 'Hotel', '2022-02-03', '2022-02-12'),
(35, 35, 15, 'Camping', '2022-02-04', '2022-02-13'),
(36, 36, 25, 'Cabaña', '2022-02-05', '2022-02-14'),
(37, 37, 20, 'Hotel', '2022-02-06', '2022-02-15'),
(38, 38, 18, 'Camping', '2022-02-07', '2022-02-16'),
(39, 39, 24, 'Cabaña', '2022-02-08', '2022-02-17'),
(40, 40, 20, 'Hotel', '2022-02-09', '2022-02-18'),
(41, 41, 15, 'Camping', '2022-02-10', '2022-02-19'),
(42, 42, 25, 'Cabaña', '2022-02-11', '2022-02-20'),
(43, 43, 20, 'Hotel', '2022-02-12', '2022-02-21'),
(44, 44, 18, 'Camping', '2022-02-13', '2022-02-22'),
(45, 45, 24, 'Cabaña', '2022-02-14', '2022-02-23'),
(46, 46, 20, 'Hotel', '2022-02-15', '2022-02-24'),
(47, 47, 15, 'Camping', '2022-02-16', '2022-02-25'),
(48, 48, 25, 'Cabaña', '2022-02-17', '2022-02-26'),
(49, 49, 20, 'Hotel', '2022-02-18', '2022-02-27'),
(50, 50, 18, 'Camping', '2022-02-19', '2022-02-28');

/* 14. VISITANTE_A_LOJAMIENTO: Asumimos que cada visitante se aloja en el alojamiento con el mismo id */
INSERT INTO Visitante_Alojamiento (id_visitante, id_alojamiento) VALUES
(1, 1),
(2, 2),
(3, 3),
(4, 4),
(5, 5),
(6, 6),
(7, 7),
(8, 8),
(9, 9),
(10, 10),
(11, 11),
(12, 12),
(13, 13),
(14, 14),
(15, 15),
(16, 16),
(17, 17),
(18, 18),
(19, 19),
(20, 20),
(21, 21),
(22, 22),
(23, 23),
(24, 24),
(25, 25),
(26, 26),
(27, 27),
(28, 28),
(29, 29),
(30, 30),
(31, 31),
(32, 32),
(33, 33),
(34, 34),
(35, 35),
(36, 36),
(37, 37),
(38, 38),
(39, 39),
(40, 40),
(41, 41),
(42, 42),
(43, 43),
(44, 44),
(45, 45),
(46, 46),
(47, 47),
(48, 48),
(49, 49),
(50, 50);

/* 15. VEHICULO: 50 vehículos con datos inventados realistas */
INSERT INTO Vehiculo (id_vehiculo, marca, modelo) VALUES
(1, 'Toyota', 'Hilux'),
(2, 'Chevrolet', 'S10'),
(3, 'Ford', 'F-150'),
(4, 'Nissan', 'Navara'),
(5, 'Mitsubishi', 'L200'),
(6, 'Ram', '1500'),
(7, 'GMC', 'Sierra'),
(8, 'Isuzu', 'D-MAX'),
(9, 'Volkswagen', 'Amarok'),
(10, 'Suzuki', 'Jimny'),
(11, 'Toyota', 'Tacoma'),
(12, 'Chevrolet', 'Colorado'),
(13, 'Ford', 'Ranger'),
(14, 'Nissan', 'Titan'),
(15, 'Mitsubishi', 'Pajero'),
(16, 'Ram', '2500'),
(17, 'GMC', 'Savana'),
(18, 'Isuzu', 'F-Series'),
(19, 'Volkswagen', 'Crafter'),
(20, 'Suzuki', 'Vitara'),
(21, 'Toyota', '4Runner'),
(22, 'Chevrolet', 'Tahoe'),
(23, 'Ford', 'Explorer'),
(24, 'Nissan', 'Patrol'),
(25, 'Mitsubishi', 'Outlander'),
(26, 'Ram', '3500'),
(27, 'GMC', 'Sierra HD'),
(28, 'Isuzu', 'N-Series'),
(29, 'Volkswagen', 'Transporter'),
(30, 'Suzuki', 'Swift'),
(31, 'Toyota', 'Land Cruiser'),
(32, 'Chevrolet', 'Suburban'),
(33, 'Ford', 'F-Series Super Duty'),
(34, 'Nissan', 'Frontier'),
(35, 'Mitsubishi', 'Lancer'),
(36, 'Ram', '3500 Chassis Cab'),
(37, 'GMC', 'Canyon'),
(38, 'Isuzu', 'Elf'),
(39, 'Volkswagen', 'Tiguan'),
(40, 'Suzuki', 'SX4'),
(41, 'Toyota', 'Corolla Cross'),
(42, 'Chevrolet', 'Traverse'),
(43, 'Ford', 'Edge'),
(44, 'Nissan', 'Rogue'),
(45, 'Mitsubishi', 'Eclipse Cross'),
(46, 'Ram', 'ProMaster'),
(47, 'GMC', 'Terrain'),
(48, 'Isuzu', 'MU-X'),
(49, 'Volkswagen', 'T-Roc'),
(50, 'Ford', 'EcoSport');
